T_init,Pressure,Phi,T_final
1104.1298399592683,1.1100442347454937,0.7267149799513867,2419.200709177216
967.4186497599425,6.9515729441008345,0.5764371728649816,2149.1692397175116
913.2586583864288,9.04846234756293,0.5180638313599288,2013.6617864880504
1438.7956015128923,4.945985062730396,0.6988795922511994,2636.123188996575
1124.6437142309428,7.428722840602937,1.3316924700721202,2636.259736060415
1025.444930827947,5.311919656751423,1.3171674633002588,2568.361359701326
1358.8435541920169,7.295727912173771,0.8015900188907786,2695.6786330432165
1399.7155811112702,7.469043497842219,1.2199487458397547,2842.8092131820113
1129.0195453661026,7.63930885103023,0.6275761694953677,2353.8101174082767
1090.444384060837,9.037938816735524,1.2132934789762793,2678.4573607946577
1138.733512457548,1.32194291804946,1.3690464389112775,2575.439078111423
1322.9986208273986,8.106242544171863,1.241923883498233,2801.3384945789494
1161.4694344774925,8.42639993649708,1.2678381996229366,2697.0840113578947
1370.8737628620067,4.411721816974055,0.988663558125507,2778.329811566253
1380.163478930683,5.936308384824562,1.2331679654103316,2817.9799921094263
908.5091543868594,6.34508831163891,1.2168974236322558,2550.4856434793273
914.0744068590367,4.887294148345012,0.545525717565255,2062.971536543091
1189.328137177537,9.540944399849554,1.0806862982383652,2758.634193797363
1285.6491226988026,8.536007959397354,0.5623921149454042,2380.937364333268
1488.7210653800566,1.791545833099466,1.2943761966297278,2787.1074196147215
1169.1816343538035,3.5411938418797373,0.9628491776350525,2666.141571865601
1220.9010273722347,2.074241643390543,0.5591464314169495,2310.363151272701
1282.1192185532489,1.219877875173459,1.1983042015228833,2685.94117936861
982.8365887488657,8.96955686950252,1.1021198115029667,2647.8877424708676
1031.5326048149898,3.1822423569206846,0.8850159263188832,2550.8295779716677
962.2594542101142,1.0648115094908421,0.528785208492062,964.0947267746291
1219.7616848886394,4.121036744790134,0.6779986287666246,2473.1554833081013
1423.9069919564122,3.31323052502266,0.8631101397057604,2729.784399420366
1398.9142738580256,5.42139752199575,1.1061882669571501,2827.88480926748
1062.1554461583917,7.750565197416664,0.5044473014890682,2109.0168053881985
910.3864988989651,9.889418804288747,0.6860905494306729,2274.872037791353
986.7631113411078,4.986875769209797,0.975442452883436,2601.1399906014085
1307.5290176584251,4.016558164581601,1.120668797128922,2769.7612503254904
1110.4888318422104,8.035357942416585,0.8068704017184111,2560.0182796882677
932.8058290419713,2.032569687595168,1.425786629290526,933.8776063589552
1166.686999964793,6.867992117825802,0.674419118686536,2442.8444912411965
1395.4376035107948,7.055789485532775,1.3828846393351695,2787.789109090721
1409.0852085426966,3.2628016147348626,1.3628495130518152,2768.1481091291985
1059.763479769223,6.491170990654168,1.2341670504933733,2640.0591169783215
979.9527437506496,7.349970346325683,1.3177668710705759,2541.5219660042258
1392.9861807734974,8.762922592728025,0.6336750388820915,2554.362011793049
1465.541610459087,2.395799255260606,1.2202900809612451,2804.2500271769163
993.1266574307756,1.9254555032103502,1.1201269510865348,2587.247816169193
937.3491708937369,6.971654349559161,1.2974663392460077,2522.9802898212665
1469.2628508550981,6.211542494143552,0.9914313334116741,2843.743997846997
924.8018108498977,5.25423492583914,0.5638994418231218,2097.2441057752835
1467.9302336672974,3.542061369617793,1.2904412799885432,2821.0834135383143
1344.8520607141559,4.152409980152344,0.8168216301471534,2674.5499473181394
1121.4713753441042,9.892361216268917,1.2945725878482088,2661.499729723631
919.0188597282499,5.372321029655522,1.157452468113759,2580.579728504847
1326.195345497427,6.3385590119367174,1.1794245880354266,2802.518990463176
1318.790876919525,6.813445508653367,1.0351374953086883,2794.380774508589
1005.0481433100923,3.398737180007375,0.7774646878349579,2442.0414097197654
1463.972917937361,8.279799945540482,1.2994032560909103,2864.466851910397
1433.5965583348361,7.025795332236488,0.9146101927207735,2803.9560041033615
1356.327825534958,5.985269256728192,1.2388099897393419,2805.0270380360507
1222.594677758674,9.874640630160707,0.6783020096340254,2493.50153567367
1446.818889450124,2.4451946889678773,0.8488165736368511,2715.0977855432684
926.8333055311389,6.574827367244728,0.7578239001232581,2380.673698596757
1392.9314218367622,6.974297954143207,1.24393010478438,2831.050942347061
1082.1585655679244,3.8056831673049967,1.309359121329146,2602.5564661386134
942.2047440791943,7.73287111559232,0.7461067161965261,2378.6770461781693
1468.1865286839102,5.808330479005843,0.5300564533233977,2467.1161274076953
1073.2768808288492,1.2868195520036925,1.1872053872019108,2598.021271668809
1352.983472826585,7.246023748218576,0.8112508363578338,2699.8037382903494
1253.7643996191514,2.4405537425731993,0.8968717363338029,2653.632565802442
1138.3989277030557,3.907806131842187,1.1105407266642575,2690.1326354436765
1326.205007265331,5.5793380705283235,1.0856479851268304,2794.9178741419123
1362.951752246037,9.960560608156777,1.4118509194016524,2765.723650859016
1072.0319511716689,1.3187372873856666,1.1656599560522982,2601.617811021903
1409.742562432681,9.290027045415801,0.7819674618664373,2718.061045585087
1402.3991726013107,6.7904956573831,0.7286442124326735,2654.3490673625856
1494.8566754092762,7.131945897520097,0.7988771394242569,2764.9505357511043
1047.749043119748,7.607414816886965,1.0297354488344517,2669.4170714717447
1352.3831856221732,1.4194591249686528,1.1727805496105397,2725.153587194555
1100.094012379292,1.1517455888207482,0.9869515639843653,2585.778176926557
1229.0696127102008,2.3286647858360645,1.4552812352928004,2609.4823313752718
1075.3136631167479,9.20826280621645,0.8025774191336804,2537.46676451805
1324.7480885340176,5.007341321815285,1.3313469056954652,2751.58423939799
1183.892959251237,5.801168218611137,0.9598039505315387,2696.7944754088257
901.4963830952266,5.947976586015454,0.6949196042078623,2278.103490727473
1251.9431173362714,2.308384882315567,0.9493687313889061,2674.2920930921114
1028.4761039141147,9.86834973396556,0.6460261584702338,2306.268260530605
1304.6651857537486,4.991216655448351,1.202501945079987,2775.906056353869
970.9474076041125,3.644367827197666,0.620293719125759,2216.3909505482857
1127.859463273234,2.0323119919702,0.7382956198517943,2462.2969439356966
1286.6666300560898,3.300348202067066,0.6835204778555661,2516.290506354167
1121.779199169223,3.2144653650653447,1.3125832585390411,2620.9263019045097
1337.3539160939613,1.049054467525722,1.4333504927496334,2650.521114947665
1221.258864082633,8.277606239953135,0.8979844143326574,2698.0909574506422
1188.7147498079544,4.565291939523921,1.3449462534825296,2658.8885807829042
1222.6617903761196,3.4721376779353847,1.178558367337487,2719.946098471609
1336.5837956902137,5.794970386734596,1.1162443355901694,2804.3914878152614
1419.110965517351,3.5975803039414007,0.7560904087196262,2661.205389684744
1160.5308067619032,6.7030726514586005,1.2477712209600245,2697.45259113029
984.8517405323171,2.4636980195053932,0.9990944662630606,2578.1994236304868
1248.457851587527,9.611802716534934,0.5360146523658715,2313.427830381208
1198.4284221287296,4.847430391912675,0.6961302483332654,2483.7787519133694
1481.0415106246232,4.686894568155425,1.4654555087965897,2788.842907692075
1297.6674347792264,9.409840698799798,0.5698653585169917,2402.0420674541338
1337.6702651866983,5.73694717074047,1.00318929398965,2784.0281609635363
1174.6298328369576,5.894779649512237,1.306833281855162,2676.1308312380256
1474.581518869058,2.892916587574015,0.6341825426239744,2575.5498436874163
948.7120624755697,4.522833750822016,1.3288842266581464,2504.189933634512
1000.1023872132391,6.953624915020933,1.2990300649477922,2566.7517826823914
1116.1119919652726,4.563542950145408,1.2927311119556202,2637.6846697105843
1460.833740890073,6.579156321836064,1.132593633675971,2869.61994881459
1344.0930602482163,3.3735988494210623,0.6618644787311203,2529.6269866244966
1341.8655501509916,5.786560838778954,0.6411187412822125,2519.0402852237494
1282.2316257409636,7.427236014609466,1.10697371540464,2792.54522975122
1441.4951526964956,4.364200931053684,0.9290574839471288,2785.9500174200743
995.0670114539959,2.872491170654892,0.8495251152121612,2500.1678277650167
1184.8368326079344,1.7647024309506085,0.5837724916332684,2315.568480739213
1383.7015750481812,4.657107996344623,0.8636992193184551,2729.8860584058593
1107.3422284493572,9.781521880414012,0.9061703928431653,2650.1278886611403
1243.1504440363142,4.599899550692196,0.5565609966157171,2333.107558120131
1319.7867720300019,2.959626697991795,1.063028104284467,2750.387902808521
979.6036447314584,6.5710562401932435,0.515451863966002,2060.1333598833753
952.4755028829755,7.559088797261219,0.7495620209841064,2389.984375391525
1260.583874488427,2.9341256336775343,1.4038204118939097,2661.823421576857
1067.3144545346042,4.310567445630438,1.4791919080518352,2494.951866142284
1124.2028670299233,2.276461371001699,1.3066862316053611,2613.219111868681
1004.771964338328,7.350215400721881,1.217771452227386,2616.309124743142
1027.9423858066255,9.746191359500903,0.9465053532564461,2634.205202177233
1033.9519846571577,4.8955737336352385,0.6677590811879162,2334.1128705128467
1312.0829933218615,6.41292100721676,0.822803512426391,2681.366980179725
1105.820853694048,6.338805099170571,0.6524594320511569,2368.9656093107897
1072.6292052241417,5.344019333740714,0.9295626837944431,2622.3407697701805
1293.4169629158,2.274154304349299,1.1931636508669838,2728.094395028782
1143.4023055391172,1.860585476427127,0.8702072722554596,2573.666801148626
1099.6130492492987,2.8188199398856604,0.7785805581785717,2494.8026519273267
983.7370272627832,2.596155120546463,0.5373790080597166,2098.7670386100995
958.9166225287623,4.737706373744569,1.0019187591140728,2596.3363980626855
1006.4457901902965,7.6188955172075925,1.426315402347672,2490.094218497189
1350.2466942936296,4.113108406905197,1.4777998375404544,2695.9119350619044
1059.8686363487325,7.050506890149983,0.935890942609776,2631.341563709997
1395.2960153429033,2.103077931323508,1.3097636126615992,2751.857216102397
1439.8311290328247,6.2226779947321,0.8980470895845777,2791.5293554073473
962.5188834521844,2.4355450536701007,0.8887063890526994,2507.752404599249
1058.9751638078978,9.688710863893451,1.0851051179281939,2692.83830867867
1391.453915912011,8.781700195209439,0.7704966499777093,2695.59003486873
1231.6928906303726,9.097473571705716,0.5090305832205108,2257.2527440045073
1104.7006051099227,6.102211085566048,0.5040893322295146,2142.894281833538
1309.8346755768755,9.157427317552468,1.2138559533087006,2806.9010903376734
915.3290189863817,2.1904452807498633,0.9423925293932167,915.9450220622728
1093.167108579541,8.70363477153062,0.6484170653146819,2357.6854868486107
913.5186770540643,5.203318679001967,1.3084084179668651,2494.3693177619084
1402.249184453485,3.476153864003663,0.5568808111390416,2445.8130036945936
905.0717420776532,8.726923657427976,1.2675017669541095,2522.6050650540483
966.1724766639023,1.5571643403550133,1.2321117394246048,970.5293281004629
1397.1248592848442,7.700842344665217,0.6186533995541124,2536.07649612258
1085.1999308191128,5.070090246353175,0.5936962848789527,2267.231781932539
1415.8975254774043,2.9775744834416,1.2141980622476694,2797.1516186774807
1232.0370471516592,3.7280313991333203,0.6283183150634458,2419.2486183748856
984.5796459538021,7.391923488531739,0.5601442912808088,2136.9651456484103
984.2552664334394,3.086570615586839,0.6343097195707319,2245.622575936687
955.8094861801547,8.305397351579703,0.8370361777637557,2496.0336960516797
1235.5886157280358,3.1160452688696285,1.1707038700168604,2721.2198556762633
1372.4668984094628,2.588344371939095,1.1330967803782324,2771.36198848764
1283.2144138564586,8.373186279939283,0.7206999273108495,2579.932057827218
1418.0929680982222,5.864198995127301,0.6174932582491448,2542.5668697565784
1099.2107060309615,6.997017554505066,1.0349929827102458,2692.0633465881683
1048.4659061150319,7.6838683754016595,0.8047895400809835,2518.2866570274377
1148.9617603396036,2.4947181267906133,0.642258651316173,2372.1239305900276
1423.1335340488936,4.041039437407802,0.7590453869474103,2670.8356777522677
1390.8930633929954,7.902864041743681,1.1112058763084252,2847.7750016103446
1124.7620276346936,8.214765445168531,1.1849718159067821,2705.8456412199957
1066.1024380860242,3.9912562908832534,1.494872630017055,2483.004821873412
936.4589748761509,2.039643359826112,1.1357257351976244,938.0699220174716
906.9772498300782,3.0174680732653947,0.572728219282495,908.1629893435598
1395.0063408410408,6.453657529107735,1.1169645219885977,2837.711754458745
1045.387199085229,6.269366963786685,1.1319172631097398,2663.499777858936
1231.6674351297945,7.638080832023922,0.5233776748375204,2278.7337096178912
1112.193781109362,7.434272072018128,1.4503209902165612,2555.3651706862097
1227.3829124404913,4.989687643518108,0.5751127573918913,2348.696164597771
1371.0863073122343,7.886873669698602,1.4007084602797115,2768.6548153526496
1176.3714283220968,7.535605007714412,1.110897488762827,2741.393822866251
1175.2339958359044,4.863273800318416,1.3622945495745902,2643.215562231936
1326.3723146225318,3.796733071503724,0.9001373265791941,2712.2052795663217
1079.1004701887373,7.237843119332712,1.2721470468363052,2637.005385596445
1115.8202674696795,2.5941427522241884,1.1337674668445703,2658.2656186853496
969.2244758551683,7.273136532324622,1.244878720433396,2578.272027003938
948.9936219672522,3.2522434818228017,1.3216500514049905,2503.0943680475384
1356.8249697518122,3.132240612701992,1.0854437825808634,2772.865517235008
971.0829231712191,3.7750250427330094,0.6287423224039559,2229.294387256429
1260.3990166958156,1.358164973074966,1.2140229174732524,2681.591955909314
1276.9909346169115,2.913151428215653,0.8455577883586952,2643.3903792338947
1004.9606952497317,6.915487810233247,0.6284794042814066,2259.4598158441536
1213.3535232848226,8.858085873637737,0.6085825548602878,2392.2835466516194
1041.7823346761975,7.575910446358261,0.6055831147830792,2254.2920735741354
1157.2768539318358,5.931953206320292,1.247774206894133,2691.114676916318
1196.126421559828,5.140348511585952,1.2920027866103123,2691.523702071156
1309.4464140227064,2.300462337523406,1.1544543987111835,2737.707586957802
1171.2266971872525,2.2122584486573458,0.631698774777874,2371.9728425201165
1217.8770194741226,3.2666815451059734,0.8404702333004908,2615.76263998743
1403.8062133164717,9.99704572573038,0.5707283871040264,2483.901342113146
949.2217104630342,5.379550650708813,1.3610662223861567,2486.1935332600137
1273.5954466280375,7.349769981322744,0.7855074044430053,2634.203153355417
1425.9667910022972,2.020787752786726,0.5157611330177413,2398.849937930905
1426.2509240984552,2.440342847956711,0.5310276712362831,2422.4615474925004
1149.42064601343,1.5462332994285926,1.3424978481753511,2598.673599535784
1167.8994290424519,4.548460459227925,0.7232543039270979,2492.9829035516977
1221.2791172869947,3.488325067143868,0.7197600842120149,2515.4277057050926
1204.9283967059714,4.819705342072183,0.6401260701956083,2419.878442969647
1301.183362820015,7.494036250362918,1.4211366597306885,2710.1419750660757
1388.141687876449,3.6513029312592633,0.5579726708484247,2438.2409166371563
1094.0936224250063,1.2269623182653469,1.3713631242511952,2545.3973371874063
956.1714249468858,4.072928411095225,0.536369861637637,2076.5241603057098
1330.126351727727,1.8313202990540232,1.1627948837073396,2732.325526546027
1213.4972354691056,4.417322226369453,0.9273498216212513,2681.32175347628
983.5274503789549,9.989729550763093,1.3257963015698353,2543.3903119846254
1102.1061036639248,2.154201412881726,1.2475591354995363,2620.759932366561
1342.843077581892,8.966224545083229,0.6565618940690057,2548.113690947355
1421.1974298262755,6.2918701088182,1.1577632091024523,2848.992512973111
1260.9870822805838,8.279635368723937,1.2674092890761144,2758.2743445936735
953.1895418344172,3.0392918977878214,1.0931522421306428,2589.525324111299
1048.3531379843112,3.426667196297855,1.4500978064019798,2495.5663071870836
1482.9803719638571,1.6720671605222366,0.8404892713467604,2704.1062906284546
906.5767031318418,8.042809357266439,0.5199503884788593,2012.6372918260997
1178.2003374313686,4.9421420192760035,1.3560057643511176,2648.8853304400773
995.8082153518608,1.478543534010274,1.1019431817377905,2576.33269580225
1181.463190298738,4.060172667431166,1.4521839965933898,2593.823075572841
1001.9502296507726,8.687363570495567,1.3941079688410107,2509.796912366092
1218.549356447479,8.56043331081748,0.6584805493073288,2462.921184766709
1229.470556457398,9.763053198624906,0.7912271392472936,2623.0290711717416
985.1641745850741,6.825605414622628,1.1979158640760919,2611.148698968719
1441.1329236356742,1.4895972107133584,0.6195391448116566,2518.6880650448734
1311.7834690144682,2.937740028521641,1.3625280360322714,2709.506045573177
1385.2101564561158,8.307170614895941,0.6991551771479687,2621.5202569171124
1062.0611592451398,1.0466163188721571,0.8002689303225903,2459.731948980446
1351.1702816839177,1.3064996234921167,0.7091001895754417,2544.6073183481526
1359.5784228220782,4.653769543218652,0.5656777544703206,2432.292400564969
1491.139782812711,1.9369972709241061,1.1173461678937229,2798.2129779126835
1417.8598385843075,1.184889215098032,1.0059825720406734,2717.4429935476924
1145.0440264289375,5.464136791180289,1.1157190977171836,2709.972559690937
1491.3454241956251,6.4524466896142965,0.6617394168186974,2640.66207713385
921.2157181487848,3.4398261190272463,0.674444902732897,953.1472978608442
1205.6506157069919,8.005164402766098,0.501692974048396,2223.4364917037765
1181.686341371194,7.297735890613158,0.8600495591085962,2644.7260625144645
988.8415275623599,5.104422149863018,1.411745488046444,2481.5738653749527
1192.6556144400702,3.4257245929628004,1.432818057297229,2608.0398674593043
1431.1359374400236,1.8401584348804993,1.013965409817208,2754.2042032398604
1316.603059366078,4.53999857210092,0.9089563663197275,2721.8860766547145
1194.7054332454254,9.27038601031064,0.8536219363611072,2656.183078520372
1108.9564090722217,5.230002560018323,0.5135788029025016,2161.332788761657
1350.764220240474,7.2571050103849375,0.8827148292556424,2748.154354987756
1366.0839268654836,2.7031330164006446,1.3930890456087566,2725.1387683869016
944.7689519758306,7.334695495697124,1.425880081511062,2442.1554652487594
1270.8409943314616,3.174836397743568,0.9295484302256526,2691.6397023399527
1427.9147047422484,3.4369227086652065,0.9740710123468509,2782.375481241833
1201.726002926824,1.265923177465575,0.5737554319195218,2309.069146484662
1277.5586478294363,3.238097001949702,0.8452308573782317,2648.504773527723
1345.617496778539,1.425882648821751,0.6304160261472721,2471.9831845687463
1137.964492685946,8.362550395796319,1.1710431316000844,2717.8511808327257
1208.095438986202,2.7995152299400825,1.2091841932243175,2697.087053949649
1079.5090041109438,7.740508044142549,0.6261282667239925,2314.2464768801133
1090.007944050951,2.447482066589349,0.9771828754832991,2617.281330961955
1043.5838273488216,9.31657064710097,1.4948636554540384,2475.1827471846864
1469.7867237445337,9.374780662170394,1.0681753137662575,2889.593311233654
1093.175115842017,5.068911727420904,1.4650972887716125,2525.7875033601813
1380.189506472956,4.058343730823919,1.1166396494492414,2802.2749787954745
1135.0153935879953,8.843978152880743,0.8908572175490868,2650.117601777116
986.6985408429928,7.064890570063974,1.1897423947111625,2616.654854391076
1143.6630493682078,4.5983949775271125,1.3049232495916328,2649.5557052350464
1030.5128642074744,4.582484214642264,0.5405997434868435,2140.7650555597374
914.0785978456901,3.846613460183937,0.8754594450995237,920.5730701979408
1114.5216206872872,2.3736587857860707,1.3122878364476287,2606.5707116696053
1340.12834482614,8.035640352197618,0.7775567430036248,2668.8807777753773
909.5693312342258,3.51462828675099,1.0547669445189276,911.30881591453
947.8083278352914,5.432155928342862,0.9475795812779536,2570.122472225785
1182.1380559050817,9.591595589350353,0.6861683553936395,2474.413325779057
1447.4099522332658,1.2333503732877646,0.6174696394523389,2513.6508534525105
1490.0758801452066,9.445227994354887,1.330996976949394,2876.36860693041
966.070171029564,4.381868397877213,0.8683019912101271,2513.909177455309
1498.267256109603,1.106804803973715,0.5592984646246182,2481.657995716802
1075.97498005106,6.538013725271552,0.8541614417524752,2577.0037114032284
1494.9104821115684,7.837503929776375,0.5375750667828242,2501.915146867083
1201.873337660682,5.890994964556898,0.8824318964319646,2662.56681606261
1476.8329237292373,3.3052741831945043,1.0586789561860825,2821.804307393829
1117.927036670745,5.292232681960289,0.6146831503055791,2323.182802147274
1428.1971143656879,2.342900419494126,1.4548685406470425,2730.495641816928
1276.4706537385928,9.439022592523559,1.0691044314168878,2799.513594298412
1100.5438343585058,5.130532415224174,1.4492056451132682,2541.4161777864283
1359.1068068398042,5.485202469493847,0.8651580056767716,2727.3033589900374
1129.574766630067,2.9092323777456004,1.344119840052017,2607.6637786121987
1144.869774750836,4.651431195377844,1.2388867483967565,2678.035306978171
1165.9992994581598,8.870460894767913,0.5128149123929299,2209.3524348876335
1326.4672204152007,1.3816525220818345,0.9565459754159068,2677.7032322200484
1149.4166406441373,9.913420438811158,0.9786104751134418,2714.456377368243
1454.6805512611008,8.21849984200364,0.6865053791831567,2651.3885778181348
1167.9822056959738,5.527891205925973,0.8169653323472607,2591.2898525476458
1440.0313245211773,2.292059341893441,0.5090567008659562,2402.307245083784
1359.692889834463,6.738740091471136,1.3507778798280246,2777.1993111386987
1279.0458309499286,6.2935290223012545,1.073031163241816,2778.7071308479653
1207.6750766872062,8.864919864896617,0.687098893520681,2491.9945774745224
1016.8241949328541,6.716390864084314,0.558535930213912,2160.1328123815024
1424.8812751494802,7.36755625583291,0.8310743365445378,2753.0076726358093
969.6771157117254,9.154447417560018,0.9830054472513177,2621.154968683401
1223.3399796683289,3.143422904293167,1.4668047484570657,2608.438809922925
1403.95737839876,8.731983473676443,1.3152058406273688,2828.0879111735094
1392.0612848864407,5.564533749974669,0.7093555438907481,2622.8290089523757
1185.757988524982,8.547234664836717,0.8797984288225766,2668.1452587072577
980.2917781105269,7.720243587038616,0.8832109345588097,2552.7622775858376
1415.5200527395564,7.001223612394667,1.1154027531636221,2852.0194765385318
1285.2096707633648,8.261651032413644,0.8600265511003915,2705.664211242398
1499.5701480101116,5.264421291520924,1.1520007097212166,2872.9231327668094
1308.1989644893226,3.7133957466570755,0.5200374415915722,2327.2845377940207
1290.7531657613722,3.153593784883123,0.8182650031683995,2635.4200668088374
1069.7069475973733,7.012120079447069,1.3221917934604615,2602.0957650795076
1226.8922354465321,5.13645861454336,1.08743046989863,2744.8660908598954
1003.4421525545055,9.846872391537081,1.1100770364020325,2661.6240782295863
939.471914465992,9.86999933940544,0.5669766508805767,2112.453481107613
1052.0503207206202,9.773210217151224,0.7136161787267936,2417.5625444579855
1004.3887938326578,2.5069313386428136,0.7003129717723674,2346.1451181026923
1462.9042794612897,6.802174263867127,1.4746938531079352,2788.8741387822643
1248.3170050999174,6.025662726226124,1.24080681782285,2746.6540190700853
1081.184908321577,2.697198041308111,0.9006258277890538,2579.256083788524
1381.1511839376653,1.1880578236637878,0.7227661060821599,2566.5135419502667
952.6853050173135,8.238221763274451,1.4618781095469289,2424.3839504624375
1252.0822394709865,7.641660515767913,0.5536033803158452,2340.9028467778644
1432.1329104722035,3.554554869372494,0.7644469636947057,2673.8179087343515
1197.9161315740369,4.4138123451436595,0.5897317942380951,2345.7691006539267
1218.595913673299,6.262729423145457,0.8133417764876207,2621.3331886561623
1141.5992767127148,6.30684412783276,0.8753732599451738,2628.791986426892
1182.264470661248,9.73896442351516,1.3257507307323984,2686.0064233190396
1477.9543119566247,5.102202030039713,0.8181307438507673,2752.2875180713354
1425.033679452045,5.550721145332078,0.7447370292795786,2673.8094864391383
1193.809939622423,1.9402818122565078,0.8057274796154916,2555.831461091018
1484.73295997825,1.1358025310114448,0.512835778932716,2422.36975420169
1324.5102824075548,2.834811083932144,1.499004541328108,2656.3390416103825
1053.4562967734346,2.8931901347088567,1.395490717023981,2529.177191756624
1456.1951228414596,5.918042872229731,0.7973010700025713,2734.647562653671
1037.8469746108317,8.650194677351706,0.8434517508165418,2553.796856371923
913.7348669854371,4.6799434051530735,0.8803532523503041,2496.969658483951
917.063835742273,5.416456934249366,1.0171815838452887,2586.5078721435284
986.5310103614768,1.51763285977471,1.3126770772258733,1035.0321192666142
1324.2419693111406,1.9194495926352964,1.4737223633667251,2653.723152228565
1350.1370127643845,1.6902246002023145,1.2961409387968401,2721.0420496477223
1411.7079587056933,7.065398706339461,0.774037449439985,2701.0591913811368
1168.952509068993,6.942272643653268,0.7899854980298081,2574.5582084427697
1197.9655131780453,8.931747676395283,0.6288283117046435,2409.0425495821264
1435.9710777301566,9.331571467069955,0.5281191111147593,2447.7765458395224
1335.7585144398515,4.4706810501218595,1.2743675754550425,2770.834302864745
1163.053978220189,2.34463227708686,1.2398977246973923,2658.8985525727285
1008.6865164953699,6.925455375500588,1.4301948182263775,2488.151901868731
1465.2133937859585,7.612213474572642,1.2456775032177454,2872.8131093792003
1205.4454557216295,8.693010921811714,0.6788858812749717,2479.8633805592244
1248.8022355196094,3.452415587514934,1.4274205818847725,2648.4899564628427
974.822462284154,5.496021923276295,0.8738162268903501,2530.7992132386325
990.010307704595,9.430123148687045,1.0784999447253731,2655.2938834511365
1310.0790498080119,1.8879489687458777,0.8417476487291953,2635.147625009888
1061.7220624878405,3.250595332810904,1.4400878292445007,2510.6120444146836
928.275955123984,4.602437642292852,0.9734092342727024,2567.880745006224
948.9816046559807,1.258691577668498,0.9088840162101728,949.9482697062869
1280.9462150071172,3.4813675843959793,0.7129279029387655,2544.5071575399843
1049.2965474306354,6.461382489331405,0.6012338293525927,2252.4843211406974
1372.3334646811836,2.21084692267867,1.3007360409733097,2745.6812348599915
1070.122856543896,9.14024246210077,0.8954525741706705,2619.1707205421108
1124.588420842822,4.452361291718408,1.1614570746727482,2685.545841357422
1095.9313580004439,5.058269086696627,0.5576174974059628,2220.737454219818
1325.5775905260734,6.307986612968797,0.526864390223986,2356.522217200295
1326.770622645166,8.47568105724632,0.9552950560842495,2783.088304250008
1280.2376521224292,5.266878139013681,0.8760346027443568,2692.9744965644577
1236.9669317755533,2.8095394327320524,0.881607310082907,2644.5752338879097
997.3197955602924,2.579722935066694,0.5571601797764008,2138.8534934648424
1060.74023822883,4.646001016232138,1.3623619532458826,2563.592939911521
905.5094569250291,9.175369635019097,1.0794200505555185,2608.654504524743
1056.8166873860703,9.222038895573755,1.2348571440257512,2647.6588652927535
1141.4016769237503,9.723731581783769,1.3319646266636536,2654.0297458088494
1362.3790756036847,5.603402392969514,1.4703536554208652,2717.8264385598914
1297.941897221563,1.815976171263662,1.0448858785022144,2707.683515638504
968.5466292388845,7.563213508965854,0.692876835702084,2325.714243105476
1220.8440513435146,1.678189714480078,0.750982920124702,2520.245559526103
1433.1514659187171,4.491942731964208,0.8630851078623529,2751.0804554885813
1273.7780883077958,6.99912552393877,1.238104277036574,2768.2840757590543
1302.5659817059,6.387542852825019,0.5388072658925347,2356.4206873142834
1365.7237226281159,9.248032591502106,0.9408373785859407,2799.9038315020744
1450.5887173117803,4.9679049340542525,1.0034921407201378,2824.9377631914776
1400.9361411767813,3.0492729616646215,0.9961089980089741,2770.4007336418804
1487.6405238406019,7.324255095429171,1.335224649479955,2860.8121663617017
1373.4076340947404,3.9089688444132222,0.833041039237064,2696.8681262363634
1341.7358762779459,8.098064950634638,0.8618773325505675,2735.653562715731
1079.508041738905,6.970750868031124,1.0470496917099734,2684.7564223074655
959.4730780219747,9.543291462393107,0.9295693238475381,2585.0256193387213
987.0706812827358,6.9283026530761616,1.371817224076703,2510.6024929997902
994.3943481035117,4.551466925472658,1.4255911806647696,2475.1764138778867
1270.748853746901,7.037058275681753,0.5681390955408876,2375.632873697357
1470.1483065189645,3.146852062509555,1.103200674022692,2822.2829854677343
1106.416756391616,1.848926587385742,1.0978756049209006,2636.24049942224
946.4913931802248,3.1634686303734014,1.0408994085027956,2583.457370180449
1220.777085152498,1.188396705245546,0.9667929522279511,2629.8867050624885
1058.382777150272,8.338724149106854,0.7951583531773938,2516.3512946862975
1362.6839221415316,6.907942573745863,0.6454543902678257,2542.2952732114604
1164.543048302676,6.726639761269363,1.2825600033914444,2685.1798434408765
1367.2920904582206,9.303082711664544,0.8651894016942906,2757.782304235097
1380.4030370383093,9.280170812195532,1.1765575723788788,2850.8415766330054
1285.2369767726573,2.3571550728312123,0.7551480909999922,2571.5021631730738
1496.961786857022,7.234516114875243,1.06288855850998,2883.9263297596262
1336.960803412983,5.550095188652671,0.788913181477912,2662.0043697850947
922.8052445516727,7.35348690379063,0.6422856052052875,2217.092048648372
1469.1339898746135,3.189418126069114,1.4566358662020105,2767.6370195847635
1117.447439150457,9.778725209720044,0.7455323092843644,2502.6828187321003
1073.2882847283045,6.654350827168763,0.8441112929499437,2567.255015811621
1392.9771812748645,6.069311697879205,0.8694729762230455,2751.786615851928
1159.7764588948135,8.596893460711186,1.1917408254027466,2725.758517406248
1135.3798461769704,4.223826212490479,0.6697256372741086,2406.6201254448956
958.4268338383038,4.095387814177218,0.8130319844129683,2455.326393418915
1266.1591562688463,5.951307009656948,1.4278889789047193,2675.966068805448
1016.0277835315343,9.028999572339266,1.1086679843475804,2665.48062011269
1415.0161398396294,9.195309995268195,0.9518246733206382,2828.1430901801946
1404.5798243335075,9.768122589707739,1.0531516413438249,2859.3437930100554
1118.108828993577,5.692712264450506,1.4839317438962527,2534.64159918027
1240.8332573739199,8.472133749196528,1.1891094601969803,2771.131844011851
1220.3762784042387,3.782195598405295,0.9286627953792277,2677.335122541001
1077.9621387266895,1.37624609365185,1.4059392808532536,2521.74503621784
947.0739976575646,1.0413099141928794,1.0923650365289386,947.6079616565432
993.611255543926,7.998110248674685,0.783193908282179,2459.9660038904176
1298.253696707587,6.217626381983265,0.7431429344195055,2603.2763934114464
1146.3037001431042,4.405124610454262,0.6026477407386235,2325.375731921637
1465.5540312580042,5.210930397037813,1.4511467535410159,2789.9154251973705
960.8985114605457,7.381542661589462,1.0084912903732648,2618.373615065532
1356.8548714866545,6.943762179141415,1.1753626727774849,2823.0948785688306
1426.59691278101,1.1309523193741384,1.3564566397525735,2719.5775973492355
1313.3005283533703,8.296445573202872,1.0041157243666743,2794.420646124214
1343.3346476556878,2.2301352526862233,1.2233233884050811,2746.1808993981217
1251.7978333380993,5.387925240609729,1.386395753253923,2684.7241595764726
1270.659866687275,4.5986423487559485,0.5877833007874338,2397.2733749111912
1416.0495533640806,1.3493911402149152,1.4228572966584523,2707.125906304596
1309.2970514430626,5.789808741526149,0.8442782777288672,2691.057947741832
904.3639372254494,4.690666898334955,0.9559505170372183,909.7202702741738
958.4328753504108,1.5230492119934285,0.7392144240954941,962.7333832686621
1442.3593565713377,8.677226498408519,1.1366887885581916,2878.6368975349055
1153.1082575893777,6.447046498988077,0.6793813769459169,2438.51683264044
1138.4762735528343,8.11329140281193,0.5323917884470953,2217.9163429472833
1335.4198686217055,1.0065514675923766,0.5961240711891332,2419.342161481122
1163.014093357966,5.865925394444571,1.0233576708100611,2710.8454179047358
1396.1656371780955,4.44856470002118,1.337245723804513,2784.6487564094314
1023.640499463964,2.0808817991876714,1.4022586245177187,2497.672154174682
1248.735616807365,6.303444724430164,0.9113602203782247,2707.3599263506308
1348.165883851699,3.4991516515687255,0.6088204972335499,2473.271717693101
1158.5117910922224,7.000455294302446,1.1661982723932718,2722.7271119710363
1045.3181170052653,3.442866489819057,0.7050782146515093,2385.2665388037703
1362.05843534116,6.463458084984126,0.5991819841303836,2483.6543199628077
1111.4389590155226,7.575750838544368,1.2551764751864583,2667.7083053776355
1069.713502171453,7.507848056438127,1.0757124695091176,2686.8383187161685
1248.5979173559651,8.351079002978995,0.665371557520302,2492.3963591413444
1464.0269582178116,8.786969420426487,1.4883198955449248,2792.5939552337627
1236.2536138651026,6.2505055704496915,1.4120300790409641,2665.116947089275
1109.9351712841196,6.471719341709354,0.6916153819299615,2423.8465221001234
1345.9930594483094,3.972306505460204,1.2842685470888902,2767.6641523689946
1004.8687796327641,8.71403328519202,1.0487612759941658,2657.6320953174677
1348.3196711860946,1.5780083235807671,0.9079343628389335,2675.7063578037864
1466.216110374608,1.3748493305522504,1.1293088231906439,2765.455625211864
1282.9349663604899,2.2392311140784993,0.9016422569490159,2664.5859859667053
1148.1274047291627,8.693592138778143,1.4095646731439797,2610.4582844882684
1195.9673550810467,3.08233867506006,1.1362617651637066,2704.2941752165243
1225.157908929957,7.662303627672376,1.407410518566739,2665.028621221711
1303.800491611468,7.787104644817266,1.0293588765576716,2793.7119236391327
1398.7677466144119,8.819246219296632,0.6474917964977197,2574.818377708996
1197.1250128570255,4.36092980931441,1.46235295382986,2600.8188395692687
934.4067228076732,9.668195117143261,0.7515828240373172,2383.313658417032
1009.7915995472581,3.8283947593910734,0.5688032204252081,2168.1766181141593
1439.9198499357776,2.3799894685691254,0.6238523704804161,2537.9064526318093
1011.434513370934,8.697187019885192,1.319503611057684,2566.0207374717356
1469.0173632436054,5.6855487484797536,0.6609691121420868,2621.9778543630914
1319.0008880336059,9.786341907267248,0.8265253495413013,2705.9635406178436
1070.124001141962,4.992649229663105,1.2722359131220298,2620.9973748098914
1101.957669609517,3.2955030570475246,1.0949805959382657,2664.0573603387147
1270.0746082816963,6.812906838599792,1.4639574774659025,2662.5983896188814
1490.2208663564002,6.484803784207596,0.7345437925670802,2707.9410471169967
1454.4866931170568,3.5207769021502457,1.2069662564701118,2825.465012576813
923.8916439016775,3.568894679407956,1.3975174086867588,929.0277974032525
1453.105334199277,7.919426880517609,1.2119233826967357,2874.174055031308
975.7498970923094,3.6186732324593773,1.4796120357234406,2422.727798411194
1287.1719180312825,7.96115337427339,1.0605841895353763,2793.8492380677685
1233.1729357601887,5.972978510870335,1.1507653891375438,2756.0107371077597
1338.598086564766,8.649551000119331,1.449601488675527,2725.274635572717
1107.7875456348968,7.631475975720518,0.6973471073893621,2432.3457003029002
1395.7112224886453,4.283271102610305,0.7947740226691415,2686.2049476842803
1240.6158644987283,9.070163343998587,1.4592885569013974,2650.1602160838333
1208.1407724897672,7.79345173399306,0.9720417432851485,2728.8266974368607
1335.4689312143846,2.9085908189612284,0.6886592044236496,2547.1660824977553
1470.1171227967943,2.157733892967328,1.2952277974324613,2790.7648339149537
1358.6007496266736,2.4341742707810488,1.038592127612152,2749.4301037215087
1281.510960228994,8.147893265978567,1.0727744712512637,2794.323744782938
1463.1812102147078,3.0440562188753892,0.7786458149201582,2692.048902168234
1480.533810654009,2.173413007538259,1.3884805044613016,2775.6516098925817
1153.8795875615413,1.353343503713551,0.7452072360840962,2470.918703442928
1224.3876508778549,8.25264254726097,1.0227967478343636,2757.6580497674177
1380.7518121658213,7.073038105420509,1.1723654596453585,2836.071221746111
926.1798016670364,9.320549903533056,0.7001154328449914,2306.505001939349
1421.2873948202591,2.217964808814503,1.1750539143683771,2782.34040638681
978.1369848657454,1.7394718808934813,1.3204451032183977,1032.259529893912
1159.3208980037707,1.1182741990986673,0.5120911102859358,2189.305276933277
1200.4972031148823,3.022710467191736,0.7447634561212338,2523.496560260095
965.3072360857439,5.231074250882434,0.6317117520412094,2231.7314441243343
1413.087225520359,7.36204310463822,1.4283768395840957,2780.679138355209
962.5506285727116,3.537947603606119,0.8279217807195852,2468.724297756879
1230.8295298837468,5.276453032453285,1.054081312952008,2743.582078808748
1125.0241108156247,5.035312579981129,0.8758389825477244,2611.25025271369
919.2156491931348,1.2535644105692612,0.8568034746678518,919.447029060404
1055.1859659201357,6.478370176211824,1.1971115844284408,2652.547187191385
1286.4151608819802,4.23420699483472,0.8952245732732156,2696.5315504617906
1298.2872964272947,1.538137959623917,0.7533037718541349,2559.3674645259025
1067.8311645503713,3.010197785275703,1.3792866325312954,2549.306652810274
1115.4344572437587,4.225030870840469,1.3299231929056035,2616.567599040146
1044.902928493584,9.918557605128594,0.8655935669186785,2582.6633336823757
1235.3319720862244,5.70168203218085,0.5356017838637703,2298.147712336181
1096.6953892205743,5.956586233223444,1.1156236627684353,2689.849843085742
956.4338441869351,8.56772283206232,1.027407414796825,2627.882724955359
1005.4955165119646,4.257761101358524,0.7103272904799666,2368.1093251728103
1293.939035287382,9.399741076075184,0.8130758002983776,2679.2039228135586
909.9502943668346,5.130535517752629,1.3226230810719706,928.6073230327152
1180.0350141422991,8.174774177805613,0.5121270295701315,2219.3698508810303
950.8365027534477,4.456810966988337,0.6972501682837221,2312.9836393040273
1441.218775527951,3.3388863094220436,1.1026104640336478,2814.316780229278
989.1873931559795,9.34582703262662,0.9584697694563757,2619.180618930995
939.5583160442067,4.832018472100566,0.7094704425898057,2322.36529930914
1364.7089187045817,2.871924566789168,1.1580715762011573,2775.1362203043527
1296.6450053019275,2.0421950945342835,1.3439096068841316,2691.2469994034886
1443.776246012259,6.088116842711152,0.519559436150257,2435.5036142805848
1012.0864426943131,1.356054021294205,0.7001368054426891,2339.6189459374177
1395.647780772802,1.6832970582260456,0.8399779797954958,2666.5095327264125
1204.5889588312239,3.6545483998437787,0.5152704187282382,2239.148080094017
1386.2105623940922,8.831688819481535,0.8544967300747304,2757.892742673399
1360.6532465679825,8.240481281459552,0.5733916403125773,2452.6236157038625
1002.2552555105603,6.3343080440157715,0.9907644064132095,2625.8542419399687
1127.6819829916521,2.5778883485563933,0.9255758053860187,2613.45699659704
954.1824004276772,9.115776038264277,1.4323559098524914,2446.8769079279728
1108.842712528879,7.422615325674608,1.2745111107319183,2656.0763806763025
925.6663942873683,7.097508387117336,1.4246198306135587,2427.8959534513115
1356.8576814555695,3.349960150772513,1.3579156494117042,2742.457507533294
1001.3648996490842,8.626133401576798,0.8660115050659969,2553.127024135799
924.6630753469154,7.634450869904339,0.8726074813421669,2510.3887056548956
1422.1007161475072,4.483838514022409,0.6255688001721486,2547.4857425970445
920.0698879028799,1.789981874848543,1.2027144914545507,920.5159517630293
1224.7738093667404,6.150814783368422,0.5300681001999034,2281.9831436161335
1333.7918275401128,6.85873856567159,1.1336572682096127,2813.238845480054
1384.3239802780279,3.7424488217968115,1.0070750782315168,2779.571756718179
1171.3831560108529,3.4540227487283226,0.9289408027881788,2649.9528022295585
1403.4330663430305,6.89504481188469,0.7937763385511223,2711.2862306555767
1121.7283172854095,9.751867921079096,1.1354719805045115,2722.4774600452706
1292.2952662611197,2.826805285329608,1.161336885502536,2742.3004969723283
1151.6564599400754,2.5242741888591276,0.6426102294987851,2374.629449940216
1450.269007448087,9.42627492136087,0.5651058461172079,2509.418534290882
1181.687036230742,4.908654688006786,1.36843866002547,2644.581299377145
1089.3614800505322,3.894383793214761,0.778566727704315,2498.271031576706
1305.8845553346955,3.601117529055526,0.6054729411179068,2441.01638300509
1188.245392398523,4.941799609186177,0.606440132812158,2363.276505224867
1485.7477534716472,5.129664778250482,1.4052753634452624,2818.763576959589
1101.4261725566573,9.497701526304317,1.0190884186009757,2703.467024964262
1271.0022079718515,9.872517373420415,0.5753391633759396,2390.0179150251406
1335.1033695499657,5.531796347384438,0.8515312468975318,2707.0407109828298
1354.440932842826,4.528656925355964,0.8451710360442017,2702.730175873292
1313.3612446171012,4.235068284435419,1.3812474265091295,2717.9002041609874
994.2893155486402,5.632898188102221,0.9494779194153435,2596.4759513791623
1425.0663426461624,5.38814476725344,0.9052936340350262,2780.051412462173
904.0617910662975,4.4283936903015855,1.1248365354958492,906.8058189676746
919.6147628865231,8.005700800425341,0.8069857570292419,2438.8774678110904
912.2091174139795,3.1163332234829673,0.8883836673173737,913.7767785649675
1353.9992003186421,5.281872063724592,1.0427512769013476,2796.7990795196383
1064.28344978824,3.573949724825101,1.262832885257409,2611.636999804937
1087.5817524435197,1.6336145649768348,1.3009196541759795,2582.421466376418
1305.8504985964717,1.8528408126464928,0.7287329556842466,2550.9305164577745
1053.88890973659,2.190113535882994,1.3724953909644653,2536.1270698667468
964.5603881205972,1.660733132198268,0.5578131630085121,2121.397241131407
1034.0682833500725,3.9312342145976533,1.345222648784381,2551.598575043613
1485.1208961018792,7.747949298662531,0.5758854990342865,2544.292703526822
1193.8277558961267,3.2864253824536127,0.6824056538074227,2456.02715303801
1150.289119044031,1.5847109655001075,0.7875197551147086,2510.9393473142745
1120.229470608202,3.3556927561895455,0.8394349725723121,2565.192676962871
977.0123302776042,2.5461331832575027,1.1151182809666103,2592.4353058613538
987.1386694238379,4.737497919494338,0.646234900249128,2268.883312682985
1370.5731338484948,3.647019535955524,1.2785770664522325,2777.2844693157367
1246.925454227572,5.789690737281118,1.080152927286315,2760.022293372872
1368.1193560104525,9.152539534004303,0.7246724429019352,2640.1257673252794
1116.4943730344178,9.593397935353106,0.6699779702143742,2405.951821504232
1357.0510165850803,1.810216510631597,1.0226848820762855,2726.173203866431
1253.435392462231,1.5488181936601946,1.4384236942062665,2618.5223854107776
1134.413787145799,4.548180470435441,0.93177948889069,2647.029009036298
1478.5623431761667,1.5546194974873029,1.278068680114591,2775.564483329298
1052.037485882982,5.2236236162585055,1.0608183331815426,2659.9494581547083
1194.8968129616649,9.226614453114518,1.2863358423463818,2712.8483858301975
1005.8564625989769,9.605017294715886,1.0099798372838091,2652.7498225884724
1194.7791903958844,3.907635752661295,0.8487469420974257,2617.5619825613176
983.1009818247426,7.1922767828494,1.198081687376538,2611.228965941984
1163.7405890811397,7.752035948606684,1.296413292333362,2682.4215688923505
1125.9188620472155,2.6828297242282257,0.6884175019950025,2414.10869325035
1103.509934161642,1.3741610590519733,0.9715119853184878,2591.217253017659
1176.9091307784397,7.545243244036663,1.0907038066965407,2741.381809125016
1132.3471103938534,7.274033770044207,1.0659486548661317,2715.560639705486
947.6578280228676,8.711777365747299,1.3397639418103782,2505.3836458547094
1372.1903641095769,5.2601920951684304,1.2380132028115456,2806.468201046266
1374.940963282022,3.2093336271122728,1.2235282812270136,2782.1029924015415
1176.3777534465341,8.240034353885736,1.4361455766991371,2614.2959455871423
1377.6930519474968,1.9109154333962004,1.4312263689955729,2701.5416733015013
1048.6294404667933,6.872759880339038,0.5231781663468523,2128.582459294937
1145.3827092850804,6.325872690586516,0.9946951325045146,2697.1740435935085
1238.7983848347155,6.282067867909718,0.5648448744954486,2345.179447987303
1069.6586110148326,3.148217602374015,0.9010212779190032,2580.519510051045
1262.626831935299,3.365357835852676,0.7310626783398331,2550.2296084365667
941.245966193355,8.920869529989558,0.8653020279884928,2517.48609272371
1408.8725707748515,6.431996504520043,1.12281609226898,2844.1520475842917
1062.9395491072175,9.218234032706619,0.7173760597446851,2429.3145845077
928.1027779294202,1.1125461277795037,1.2758158252634264,928.3578851859502
1451.520945654952,9.540711826611437,0.6598820174632123,2625.7815198479693
1163.4749010148385,8.061000380808146,0.7106821766363044,2488.462715904231
1057.1098857436812,4.410921534785629,0.675390846233098,2359.6310096254338
1214.4326993473346,3.189532680727753,1.0203342869593088,2700.4471491955183
1044.4437276926292,6.669710393135139,1.2811953025879212,2606.935137453249
1034.4304064855264,9.584320425008675,1.1668452231618556,2663.967777118467
1483.1218599843437,4.5863154148010725,0.6003185800069708,2559.1464601074167
1024.3081751438215,2.9168012684868687,0.93186079432325,2573.561483710321
1153.6328681933646,6.169033066697885,0.6724100760528646,2429.2772182198005
1206.0378918503293,3.840885279961694,1.4910190782053254,2588.0239813817407
1408.289617651752,7.169907621024665,1.337684991475317,2813.8063016720375
914.2484622181274,4.995670121418739,1.2231217066581803,2545.6332583775275
1077.0311958096231,4.723200023049817,1.3704178922424888,2570.645892202846
971.1848598892655,3.3094935479281253,0.6083429388457577,2198.0098425233627
1168.6679425434363,2.6531211879113537,1.045987774684589,2676.1978921988098
922.8802829547745,9.226730150557415,0.8502020242701668,2491.772230040391
1179.7501531318605,3.9123973318568486,1.3364597769152398,2652.3083874803324
1110.17965727118,8.628830774642562,1.2935656997344616,2650.975349247119
1394.9075923128976,1.8208642720666044,1.248623200783043,2753.6172790123555
1358.1004492080208,9.51396480583847,1.3562048862913019,2787.23901594599
1397.992301269866,6.7825988932584975,0.8131010191902356,2722.2722520100647
1102.5662911866636,8.533969828943437,0.5718362740795201,2251.366708058455
1465.408377198151,2.1491892119097207,0.5779598876566145,2501.569197447036
1053.7770484810299,6.266647935710162,0.9344990464350198,2622.4481613871462
998.6698848701997,5.4915020335988185,0.5640172510500813,2153.4358048861022
1438.9873090973797,8.013137618009353,0.542102276578904,2467.3588197840068
1056.217138827656,3.3668066087251347,1.246330687630681,2611.881419446755
1370.3267684364532,7.383516953843798,0.8338280241623528,2726.720986372845
1062.8169584690147,1.6634772869485377,0.8359801962284448,2505.5184075538227
1351.4037504251778,8.622728815114758,0.9288101916608922,2783.2181860343053
1262.8885502726657,7.892910102425135,1.302177900050522,2743.761600462218
1002.5960255687756,4.145344515900434,1.105475481550421,2626.8657425628194
1126.424766780251,9.732383439798348,1.2860774357609002,2669.0533964623687
1046.9832574016214,8.122032793641111,0.8243838732057548,2538.9035048246037
1468.876611320712,2.8852793128145633,0.9308327353831789,2772.6094005595346
1118.0385808891897,9.546832171507571,1.0335869880466704,2715.860969163665
1269.3622144180342,1.6177275075700936,0.801449939000992,2582.497489744749
1011.8792448668074,8.766187514696721,1.4644332503966875,2469.9921037118274
1255.4456004013716,1.9650579095185894,1.2904363049966676,2684.1924154138997
1023.7977033902296,3.1570091506890168,1.1580958333522653,2619.172399785353
1384.5352481817893,5.8824617573046565,0.9867764573587731,2801.1992813349652
1078.9702783237026,5.5288042644709305,0.6465748460818602,2339.438264756376
1434.7196917379624,2.7545020572824006,0.7990582374588556,2686.706155261898
1058.0477824980385,9.912612411694573,1.1451883910331502,2685.486178226798
1308.8324858791218,1.8411276618563233,1.3126732799585923,2701.748051521806
1362.982970003578,6.318565040745518,1.1574118480371713,2821.877571836021
1424.465628718967,9.377907073289169,1.2851004067204275,2852.844122128348
997.0609617713366,7.932915271520017,0.7550019888215687,2428.3700914280525
1164.1057530072462,2.029918307668199,0.6001869016593572,2324.817495138684
1106.517108261075,2.895841755161495,1.4487749037478788,2535.303283877089
957.6764769271496,1.3249436753286088,1.060608786528313,959.3185939803951
1413.4187032940285,2.9594505462644958,0.9725047473346499,2766.2494307571037
1385.7826323798365,5.265346835942329,1.1588165141258666,2821.7403143109877
1143.8019707520107,8.664123405001419,1.2483163975686566,2695.514477714471
1092.5445619017387,2.0243607129570718,1.0050770208740762,2618.331322734477
988.0918940176291,5.030227342653284,1.2739688767817023,2566.549344543215
1068.36114840497,7.726406470308532,0.6428429269279695,2329.857902566365
1162.5793901981683,1.8695503703769312,1.436559247142534,2569.19508398077
1215.7436022222967,7.503705888860703,1.4957422533880587,2606.1073690418593
1414.025070158857,9.506196369499229,0.6691550227003518,2611.5531635919547
1075.0464160238748,2.077717703825151,1.2716539450219164,2595.7376643603575
1137.7936127627295,5.0384964900184315,0.9852893564888049,2678.6565595808734
1118.169131096633,3.4882745794534515,1.3955242251381679,2578.068448777491
1247.185095538368,1.9643220439211917,0.8593675684288944,2618.5033510386456
1445.989840636592,9.635685604977004,0.6045026655406073,2557.4038091058496
1469.112235212191,9.48468909346629,1.3096729597845573,2871.275131822768
1175.855819347401,2.392896384544062,0.6643778897165109,2416.259358363621
1068.2285976956678,8.305555183403106,0.5701579357791634,2221.0977460877243
1233.6136523580099,3.8099957459011975,1.2996044115213992,2699.211012695881
1314.6690571257147,9.586758654192874,0.7802505387441598,2662.9909472702507
1279.7673112864913,6.540935787735973,0.9203183664710182,2729.4173983775368
1244.7941939728835,4.338106291017719,1.3065786423438592,2708.301650610037
1056.5596489012514,7.590366522744354,0.6782289958874842,2370.252443783563
1206.1061569567778,1.6275581983127112,0.9213481690915856,2623.0806306166455
1075.8718125375772,8.979457450970601,0.9642247612061586,2665.797224371865
1264.8652327763707,7.1651767333617675,0.6842740811832639,2523.087505647615
1050.9616841871098,4.338489011763991,1.1447835390150973,2649.0555465918064
1025.4954869869975,8.81728052253414,0.9300741979483953,2618.437141700953
971.9312308067861,2.832559348582456,0.7519137583585326,2388.74975803981
952.0077549491792,4.4774223962273805,1.0110906823073478,2593.695347147453
1299.9058404032721,4.460426253857743,0.645142621785216,2489.695249698151
1218.981833676317,3.640145225293535,1.4377883773677902,2624.893252540119
1170.971888569804,3.3688043219617425,1.3036753443877904,2656.2518197989893
1056.5230530873735,8.885772849914346,1.073614223497711,2687.5000920666503
1161.4161116196092,2.004168109922888,1.006436169134893,2647.762688312434
961.0174291092678,3.335076983379104,0.7057945551806732,2327.7484233855685
1249.182114426479,3.592803874786847,0.7200057571937781,2533.4838276401733
1382.700070735268,1.7179856094204156,1.1252021514697392,2748.338339028885
1108.0059685113854,2.931366731301681,1.2275548319597216,2642.854160025418
1467.0337264840377,6.131222590931047,0.6662238752205192,2628.6222719464413
1172.1199870645253,8.027733514517784,1.2492092121235825,2710.254765448514
1314.4652565074862,3.6599275937661497,0.6660626522123674,2517.8787564022623
1093.6685847237738,6.7953771422950275,0.6522387596949482,2360.5762724809115
1469.4347517740175,4.224799204656206,0.5796451918021516,2524.0791244257603
1199.6648556866912,6.247280250499953,1.1881826661076726,2735.2314384883734
1293.4634475869805,5.472151867829591,0.6928983600310813,2544.735470353461
1096.5196741609561,3.811044383205095,1.359817799985246,2585.3038239108496
1210.181736128116,7.22502667879025,0.8207183692343256,2628.152616941917
1050.950261834956,7.186695135109907,1.021763709029677,2666.2975695968553
1048.9658712127273,3.385488944040184,1.03601952980178,2633.270338266901
934.1027106288744,6.213762634474179,0.9283055806949873,2555.304131905378
922.8376658969584,5.295165302873447,1.4427394324211957,2410.6496411746184
1244.8555271473895,4.667245950181014,0.7345645358616415,2553.48780088157
1084.6357526695167,6.9124292029059085,0.8566238841485585,2585.9262144290174
1333.6208617732518,2.721625715076579,0.7652519286915592,2611.2938325673704
1495.813098269972,1.9648101008022292,1.237032396215887,2802.4134151678295
1436.3924241122627,4.808550658869686,1.441839277008397,2772.564125271842
1131.9219827937136,2.7855365144609774,1.0998382494166128,2669.3632256909364
1010.2923224721486,9.95985727246143,0.9878792829847458,2647.8667701440486
1412.2301015496644,9.343063267909937,0.9239966079067308,2814.661584114529
1311.8101074080082,4.471578784575396,0.6267390544626857,2475.7420328513294
1464.7003383694332,8.586267001606185,1.0631433215038775,2880.7632861691895
995.3144792478407,4.022551373596842,0.7295662550367161,2384.2513246843864
1416.913539391002,3.6032075025010912,1.1724510647412785,2811.952769327001
1036.3323016845934,1.359056937402013,0.587316811639265,2209.044299027674
1391.1929500651715,4.042679772620402,0.7970393356947545,2682.808041095379
1161.6938636973482,6.598347096181361,1.2382672612307335,2701.239458129561
1043.8427690002345,2.9023637612347364,1.0606707424786075,2627.8352347602045
1357.1091329400015,4.636988809850134,0.5277543626262434,2378.251843096985
1376.242920771591,2.361033327428654,0.8172825086454117,2662.5588353892963
944.1064683093052,9.742535601484885,0.7540607168493201,2393.5007062254363
1120.0477499003146,1.943977830790797,1.0540412738448923,2639.682281181937
1252.0639330846304,9.726581756756394,0.7327018533618714,2576.936337750743
1254.7675951676279,5.0310519505456295,0.5769251806644106,2371.896492100667
1401.4841385499894,7.551544385724053,1.4774277997089564,2750.4013877902958
1112.919156545058,6.020753566982105,1.4163735310071282,2573.5846977978154
1264.1180682259092,8.806700349869427,1.4113711406517808,2693.894087334247
1249.7706559069015,3.2355237989016192,0.5838299884085493,2371.457858568428
976.5212160453899,2.2429944047912453,1.4929363012820054,2408.9202694079545
990.7206816184906,6.040529306346567,0.5134805299892421,2065.679261098608
1336.9899478875827,7.152735867190627,1.1125228302298633,2816.6978804132928
1270.0732132522496,7.818409217938727,0.6560868584873727,2494.5380489360996
1173.5670643945195,6.603745821274148,0.9822956391972562,2708.0600635708392
919.6471553777141,4.932155639706528,1.045116908727421,2590.3546787875575
1124.1032225108825,1.5878797017829602,1.2951518282979153,2603.934361786348
1124.1551157173546,5.137636258450008,1.0277623094300765,2686.978312451151
1152.1623452911076,6.359653827436965,0.5867458698271493,2310.6507576975214
1297.226704735321,7.84925731581373,0.8519959144915553,2703.997892478236
980.6831448284935,6.2206821551418265,0.8810703908381994,2544.2621757769116
1463.8894363721063,1.3994407384047762,1.0311670934286226,2751.781889618734
940.7117143422741,8.339258004878076,0.9269456668451244,2568.141539538902
1136.6919633200068,4.492889629896993,1.4267158032225784,2578.8861595479048
1095.9360554856733,2.3612049467789813,0.7464109565611414,2455.6953950391626
1397.0117216577469,4.034925187616583,0.78646945972517,2677.9965423502854
1237.5800893348398,9.593686424487847,0.9771120077123048,2755.946237810052
1396.124783768335,7.638664587775493,0.9918398090938207,2823.907343860847
970.6962492571135,6.09649516625384,1.4394945465922173,2451.190623484186
1111.2653812291805,8.959535917409031,0.5479792883564135,2221.1670858585094
996.9936072784483,9.425277579309721,1.1404451519402004,2649.6418936770456
993.7293180080669,1.4914913981110445,1.4024434896188263,2470.125014139674
1156.1154255777278,4.453273131657083,0.6383313928255235,2381.5612948421012
1288.0910778701773,6.344247101863966,0.5258692418563781,2325.8676956189283
1231.6498693146568,4.507578915259009,0.9605245689199574,2706.542696268595
1294.1613980376117,5.690350051004968,1.0845322819950916,2781.345230843026
1375.6081603261548,6.240941071385997,0.6525084122470729,2556.4589631419594
989.3936316965553,3.367831077604635,0.5372480840944911,2102.454898087411
912.292412879322,2.602942888004676,1.192197606472837,913.0141420942826
1176.5824758114618,7.930545593127953,0.9193518473224558,2686.5335928008176
969.3388366711376,4.881705883487378,1.1902969553700808,2594.9150673580916
1064.5942817211937,4.608501021767509,0.6811858789193694,2373.165457496338
998.4928844025786,6.408644290295772,0.7562927559362008,2427.168922012675
1202.9439837155032,8.786617321230814,0.8187137323023655,2629.2240996379765
1375.4026380513262,9.57636199022755,0.635927225906915,2546.9699054730327
1041.8048176694517,9.27476745906666,0.8218246609159757,2536.662787720229
1254.5839191152481,1.4922134712530042,0.8232567771220677,2586.189286339624
980.1762475177703,5.821675038594129,1.0177087346336524,2620.866633203502
1209.7409969807493,4.028010621541407,1.3492906965075568,2666.1329920483486
1116.73351235098,2.0422202702775936,0.5506995399594532,2219.66440032725
1103.5974297778002,1.4674861239559913,0.5285032630698033,2173.4767448472107
1380.1648075017913,3.8926690529647194,0.6054924190677431,2493.18722261719
1144.1156163756118,5.5665684632930015,0.5578333244420458,2259.894179205331
932.6816739086873,6.45138090105071,0.8374934049804746,2476.0720404380086
1001.5803807818492,2.9731102887071397,0.7172180425460152,2368.0423708398457
972.2151942696229,5.695994830742874,1.0577784450764787,2624.228816518468
1027.9310692576273,4.63340652370703,1.1919447385484832,2626.9427580757047
1109.9413265515914,3.0435601080061234,0.6760084125617964,2391.088237625034
1109.1484228947224,7.510114444371396,0.6314903879502272,2344.19309560711
1304.3039393048832,8.421016276271985,0.9198232293493622,2754.1133769546796
942.1668715707244,9.879302945068726,0.6120342264848376,2186.9875916777914
1426.2996521684456,3.932635808060489,0.6724862862470182,2595.28501890239
1030.2577758033435,4.001553248036908,1.1771622336315266,2627.481751637524
1193.1364639356448,9.134349668994004,0.8715543981582556,2668.748087663594
1189.5360986765904,4.1678109807204375,1.016214755508605,2703.0132468180777
960.3405865548829,9.931008488633164,1.2892158687083624,2550.308698015938
1013.3318037739447,9.808170931525368,1.0777476826146346,2669.2566755892967
1242.9942853595312,4.6700525725823505,1.1037131213333145,2748.2516330665253
1299.6053967563241,5.320571461288767,1.0820412736008187,2779.6389513163554
938.7201278755094,7.5019431442096485,0.5447811422284554,2075.7872028424804
1437.3093294064968,9.125753456954133,0.6806250053670552,2637.768631052958
961.274753597196,1.8674412706824106,0.8714917475057096,998.5453814217187
941.4710181744796,3.9143521158226338,0.7177327819510669,2331.8967088816303
1008.9497355766727,5.664507821662717,0.7343037445919086,2405.2331491898144
1338.9280241484225,4.663790266252674,1.0973303227025908,2791.123414616591
1225.4116370265772,1.1967542629258083,1.2382544296073412,2655.6170984509145
1437.7877615365246,6.2459305315553655,0.522071293953603,2434.921920991377
934.2298308853417,5.35909442017994,0.8778247382962765,2510.4801330880064
1114.9559507200352,7.0866525403648835,1.366524032116879,2608.265291754792
1365.8498980125762,8.199029161508992,1.1025680392701689,2837.635099012148
1147.7454686743586,3.3764676119065253,0.5373606955745597,2227.6631007371852
1198.0038709557184,1.3795786711007771,0.6198773173104142,2366.2722851268422
1031.695327311864,1.090404993197624,1.3069106749839876,2533.752795152828
1429.4256694433248,5.92531154703067,0.8233004088332994,2739.189771190637
940.1516061266531,6.039339716351154,0.7838147790162373,2419.9764986757477
958.7842647728285,4.115485358597566,1.1175968716938631,2603.0629547048557
1184.9911260242202,8.010864792754123,1.4292131710213267,2624.310645952337
1315.3896863265807,9.155378191993083,0.9531290082065456,2780.788947607112
1135.0977674070075,8.749857808054786,0.7931824363952878,2563.817661048537
940.6082077578088,3.9699355743790226,0.6992937487459189,2307.0423362142606
939.0852193171233,6.905440593494429,1.4020123783993788,2453.676322940604
1362.6599810913865,9.27402297471628,1.2666109493569038,2822.8074323727046
938.2134202353435,1.8404804066456917,1.131729855987934,939.5194453687805
1253.6206883313866,7.468418150505334,0.5406653745782974,2322.5367109670574
1167.6758579871364,5.430232789987297,0.9780406925421017,2693.65368032009
1352.9480474228797,3.6469695780788447,1.214132475251164,2780.433705685988
1060.6599097305107,7.315147353134192,0.8292176247937673,2548.9528290081694
1180.8429548363993,3.7234967465035793,0.6775758035514816,2444.6504642226746
1405.6886251352876,5.637905055443137,1.0239065685448225,2819.10750114016
968.699473972152,8.678577633782098,1.172056554450529,2618.848574453675
1038.7487720292638,4.716255642174423,0.9635438773349067,2618.5181469442477
1107.5713020973737,6.826737433213296,0.6232983932923868,2330.323427352747
1202.782202130374,8.093646443916194,1.4306384775193752,2636.7577674871745
1052.055324479387,6.954837143077809,0.9394849780000815,2628.9040378096824
1284.2030202338824,3.255034646537293,0.5568060981729113,2359.8417970547334
958.9253011827172,6.236669794177621,0.8252984070157382,2478.7649691914858
1102.0967035250385,3.6459269879947267,0.937224020109416,2623.992781764869
1083.5652567932757,7.430311679514603,0.6420055004291375,2339.7309599304535
1168.9354085110087,6.782716980383839,1.2955985281033002,2682.1722764501046
1386.5879419404525,7.954856651603502,1.0129940997843865,2828.680805164328
1216.9044730475666,8.123233521402344,0.7636516336845666,2582.3618106065874
1321.3596271574238,9.33952944150886,1.2274158376110713,2810.8754275136644
1476.599638679074,9.303939421808465,0.697376601369672,2679.957703900755
1172.9755677269839,8.237444722032212,1.3640521302995925,2654.2485072327727
976.9392149552924,1.4353908441196679,0.5319456388655204,2088.687134635241
1117.3353840442026,7.235947094919163,0.9624468107487604,2676.1658451653207
1064.5120193255389,7.5162235236373425,1.4046927519026688,2548.528578196272
1231.6490099926743,8.956467980756816,1.0562374212437304,2773.028728965522
1264.9392818762817,4.142341297374134,0.8765178324803163,2674.073069152297
1399.0462080299349,5.270490258224239,0.8286872811953843,2721.65800947276
1131.7189961698248,7.481850664729936,1.3171081288295041,2649.336405397353
1318.0904559229725,9.370612064165575,0.6395471499771236,2510.990186847194
1308.2686260836892,8.268083277539803,1.227523929321562,2797.898299864837
1399.096242381215,8.087476935520355,1.0392556208819141,2842.294093758291
1384.9774540350556,1.521771833317303,0.8515232579481975,2662.290556392747
1445.160842778472,5.589509357441642,0.968029518730839,2818.3910695472437
1184.8927228714333,6.8416242778537235,1.071697392013864,2738.6557070190543
1100.1972312320408,8.153637819862308,0.830032057153182,2576.609417738607
1113.5036358231969,3.531954493220612,0.7383721265295805,2468.6749139274925
1115.2485106053205,8.914410821995162,1.1948508934142201,2700.1152022518277
1451.0467268484654,2.767188357687391,0.9597256341446759,2773.187622771892
1497.0755359080656,7.377929357229077,0.9415374184797229,2848.529077544964
1089.5582829301811,5.906909472891741,0.9280797938701251,2634.346661436922
1379.7487411254008,3.3268672859955126,0.7038580913599377,2592.064404960238
1316.76909069098,5.685351715160809,0.5948163516768112,2443.4021220736176
1164.5291140255438,3.393008191361083,1.333843110966735,2639.3405235623163
1038.894408313181,3.3947544683264708,1.222202579138195,2611.5240802934736
1219.7963970709532,2.6446470474425334,0.6320734365134438,2408.933884670032
946.1024884590538,7.744941650606434,1.3547549421006708,2492.6308432666187
1082.3058046172052,5.813693691067242,1.3202531761342546,2607.7517472166646
1070.4005834418695,6.504547741437999,0.910515897349736,2617.182363671877
1227.4921144034327,5.912174765758499,1.105647961700329,2753.92283865076
1418.7077485893446,9.846751510503198,1.2883629477990675,2850.9646897170687
1089.1715423468681,6.319418940826706,1.1732979438113766,2678.810438070004
1414.5160063245407,3.6743785536936455,1.1587844000762564,2812.312521274148
1358.3764249832368,4.276670582429486,1.4159302070098525,2730.963928743546
1262.1570990610176,2.7703723208585136,1.4575509886547913,2635.310526838581
1027.9853600996648,9.17073427693629,1.1327043344073737,2668.4688678480966
1476.737991199467,4.922942685267503,0.8253274644225999,2754.375337694166
1395.887632068256,3.0669653468503815,0.7847391142078298,2663.2673722213167
907.984499681454,4.169567758246425,1.258674275844268,910.6002282266262
912.0225909411578,9.057865342911915,1.2457411749898788,2542.2117159293994
1336.5571155104394,9.245970888039489,0.9862463283676398,2805.2870947047195
1339.1572804882135,7.924585817112578,1.2074455021676809,2816.8020004684427
1484.1447153782674,1.855737145736824,0.5106853982314808,2430.8465505626327
1059.1753881947798,1.6890034892120167,0.8754774809296436,2532.2861887040754
1499.100335361788,5.028240424314322,0.906061328206097,2809.9794882126735
1286.6057106196608,3.360610594512673,1.1300074903799606,2750.2042012280613
1118.9159283527852,3.551080977087665,0.6802551695518143,2405.273470189689
996.7195333605353,5.873322684765898,1.476171749641333,2446.312454141595
1026.6204153691613,4.250876705988215,0.971956622898583,2611.9514109728566
1259.1750960553688,1.3690178769876007,1.0744374250779507,2679.7298516685405
1258.9268869771192,2.3762800545078635,1.3261158563057744,2683.8133406880615
1140.6958341858215,7.41446961111531,0.556923680125857,2257.7907739445864
939.5256018759452,5.459524704678024,1.3696293482405255,2473.471549066396
1093.1502949093572,3.6593465644909178,0.8947332570267412,2594.616578171896
1411.9563514687761,1.1476302436258614,0.9505602766863365,2697.2510983433203
1010.7082679814462,4.501296716396714,0.7475433531910302,2418.226157069328
934.4146497495756,5.2409902840064335,0.6514185421458941,2237.437832949086
1435.6923832152843,6.835151239165262,1.259775411920681,2848.8676852955723
1270.1892851775087,9.15919548287408,0.5351169153715256,2328.973907985517
1369.445331986024,1.211957338635508,0.8363010935513014,2634.788154305304
1080.1190043538707,4.260602947444268,1.4413336630325915,2528.0215473987464
1267.1447782487344,4.450304699489149,0.8288984280854498,2646.304789521379
1255.0849642505495,1.3651217828151445,1.3202858619842788,2657.6423424780273
1169.4547693696586,5.030091270342777,0.9901536597366076,2695.266746936573
1376.29424756196,6.1808073222224795,1.1663400891872606,2826.5033626994687
1418.8640304982719,3.603541099745076,1.4599928425338078,2742.2191985793775
1419.1170626877724,3.9348917413814624,0.624610697200736,2540.892859369258
1105.0183531705045,5.1036563244479485,1.0942625254755356,2687.077286102805
1331.4912179249322,2.801931611053154,1.0531716096082908,2750.116021824602
902.0064740868645,9.704430975320847,1.2954450003989568,2502.8858530772736
1032.8971831758781,2.7717465027692634,0.8885454448426917,2548.530180376421
1388.4704917563176,4.36360379421364,1.0079543529946695,2791.2185092725117
1034.4808068038305,3.330833972533907,1.2345175133834843,2603.5159534651775
1100.8010875116033,2.2050714174498265,1.0068189974029553,2626.92917742346
1147.4483235268317,4.014194804430021,1.0451756995057087,2688.9748028936942
1226.473460267503,7.55109305744324,1.3194793537061305,2711.3569629962653
1214.5331040091414,8.17035468123505,1.0463801115912625,2758.076835064157
1494.6311488870929,1.070935283056825,0.9525870259166536,2724.2339257508143
1467.748813484385,6.73190692412633,1.2215341703692015,2870.537434662856
1042.1691433534527,2.645327283755478,1.494730274175683,2459.093503721417
924.3716720843947,4.212102380022786,0.6394476068296511,2211.5672541440185
998.640346748716,7.171190991733869,0.7537896074913297,2426.2281081836236
966.4426463394587,9.722063498943342,1.2226639554309746,2595.0553685822374
1245.7128418733403,1.1404997628438993,0.7558620810402091,2522.051658905595
928.1966731713741,1.236771613577546,1.3294026253322584,928.5013271956119
1246.2115986426395,5.396268114279025,0.8531086716164582,2661.376365933341
1302.9094039195586,4.47594467919004,1.1542758474176895,2773.889890465097
1129.9167631195965,4.2413250148576624,0.6664906244847171,2398.799257802723
1075.607286134432,9.416130801407029,1.217732208083832,2668.4661391999416
1015.7328417777983,6.7387766357140855,0.675182406116062,2334.681092966457
1018.1455202435493,6.23082250379548,1.2973428918924956,2578.232982057984
1251.5719899258327,4.672742750663738,0.5313926859493114,2302.7291914675598
914.6104687730675,1.9774265761826328,0.9729110925586144,915.0663854168426
1140.7295323845203,8.537798521977415,0.5183448077313956,2197.3643338161605
1235.6789825211865,3.226863774657415,0.8719123279634629,2644.9014822935355
1064.8284222865796,7.603834358311307,0.8528887901095845,2574.495957070941
1410.6457330708258,7.372534289857024,0.7469215140652047,2678.9362874601957
1390.7150315680956,6.170976752157063,0.801438885446388,2705.384153679732
930.6116675248758,1.5833372457796537,0.6206876503286524,931.3661302215683
1336.9113114494226,1.7866168046999,1.2462572735174255,2727.1594057144625
1105.4886092097174,5.7170542791652,0.8424287521702988,2579.0618953801036
1049.9517298575947,2.267041801580811,0.8528943829014882,2523.601821534048
988.1213595853865,4.8823578710293365,1.013549840741081,2615.739077820951
1266.3225338634056,2.3819423314088497,0.5131929790823926,2280.3054088598738
1132.6208132176837,8.466046828458214,1.3888363870653195,2611.1661089514796
971.0383319303652,4.7091742276260025,1.1418720714877382,2610.2374829233136
1303.3409176629666,9.988214938324123,1.0536526283344114,2812.9837495478355
1181.992771459835,9.304119583180913,1.4173302426742767,2632.147323516883
980.1417674999254,9.075619541185839,1.452977231901063,2453.032115570564
1029.0105019980158,7.423148020750287,0.7129002727865386,2396.257066473518
935.2907882419555,6.486160100583766,1.0930244187409763,2611.028545552977
1047.8920874608534,2.870179518238224,1.1883613399926438,2620.890666816425
1410.3421786371393,5.539939369163409,0.5725885730631671,2480.72273481489
1472.81652168931,5.16071880723014,1.2141648364752284,2857.4567096774845
1448.7611266290837,3.7221024962023863,1.2160904638185865,2825.7286838758546
1065.1612409373502,9.687598263573395,0.8888766675544103,2613.3256811828724
1093.9434907561001,6.603987600889136,0.9564014227108522,2657.29908954225
1007.0710465310624,5.940419880235974,0.8466665528439523,2527.5026083373914
946.4149052488146,3.3255768468107987,0.5286554596102733,2058.5539587123044
1004.2455606527668,5.398731196601016,1.3539832250675443,2531.1245641740297
1032.8678100315467,9.082077716961367,0.6177773699828999,2267.0049154671133
1141.159088630974,2.9774481822854373,1.0286703787821767,2666.565269589404
1140.1124113854212,5.149943741746875,1.3967932706237496,2601.6372841436187
1095.3723375264572,7.879018143980638,1.3854915312136142,2584.4758819342246
1463.6854953037305,1.4404832899213693,0.8046793125485632,2668.1077350207074
1410.3842888719123,3.0990404339992326,0.8465126295779788,2710.560448720448
1419.507676425468,9.845752498229158,1.3586526916744932,2826.2375738696037
935.7920705347215,8.504123247741713,0.6491145538402027,2238.3486265450974
963.648949221602,8.842962155570047,0.9023171051268846,2563.68486358973
1016.7591313576071,2.593317689659896,0.9698169189574,2583.7084691221894
1433.5891015299367,4.8097516380093035,0.96669204565154,2803.434103790046
902.0434323745144,6.026501725655857,0.554339768781162,2068.90951727555
1385.257858381733,9.393935349835992,1.2670348928589181,2836.091863827229
990.5010555509798,6.62336947548534,0.5506978690640081,2126.0706393811306
977.4955234457785,1.1560228465600326,1.0224869572203992,981.3561295643443
1293.2386084197788,1.302806584359325,1.3637366616385562,2661.456632797718
1208.1128384333517,6.683844262207638,0.6803655424886946,2478.5084900198012
965.7214135750157,1.8600557860646694,0.8889822346907762,2499.3426212235972
1353.1669494659732,5.6911992441719,1.0357574879971583,2799.3768213618255
1079.202348328526,7.193269117868942,0.8064699063680307,2537.326904958994
1349.1210596891324,8.426391922615508,1.4005191105145838,2756.567621654078
1497.6383266305152,9.08800104475444,0.8844012949178267,2833.463540247877
1405.8426305132634,7.504246018433243,1.085587231568786,2849.051322907894
1074.3221738771647,7.535962866858375,0.7739962394199207,2501.043450397997
1373.3701464866663,7.524773854079114,0.6792218341943663,2589.7941157724617
1124.4144633204928,6.546500851538229,0.7599484112990283,2514.4130328098727
1354.7108849365977,8.0449741042741,0.5536432760279154,2420.384896156888
981.6988745560436,4.840240985140651,0.6495591828399117,2269.784147429657
1416.383188584,3.241758246639797,0.8283291084384481,2704.9698708219207
1162.5951836328024,5.781778431294265,1.208965929641599,2706.354763112249
1470.7602099620103,6.888411568662037,1.15872571105946,2877.555923087196
1235.0694426934188,6.29714094996547,1.0127443875466442,2745.276755306152
1140.4646250171272,6.398304895215988,0.7037075098574833,2459.7896883472727
1377.3493304780045,5.075453472501744,1.2074914062098192,2811.873475462092
1411.5320033568146,1.8172961976592383,1.1294627905040397,2763.7678736400208
903.7625343997316,1.2344890911727928,0.5648670344531073,903.8773258303689
1117.1887160051733,7.809839177190051,0.8531016670398717,2605.673259479914
1286.0537800737015,4.237269444523677,1.3677407421702636,2707.019793951146
1169.0517611434825,9.339329578723325,1.3841706185678486,2642.5388785985083
994.8325456044947,2.4485455340273026,1.4381353904009138,2458.4969384004803
1108.0107515073748,7.135011855441804,1.149794383194994,2699.4250050304067
1357.6275387140558,1.5922023416438096,1.4160081084766878,2687.4349627195193
1220.9762493455473,2.756430309399234,1.3293753348671726,2667.5232284105805
905.1333672342397,4.935720701553967,1.0197251265196052,913.6386667711811
1096.1267021527963,3.686962607540498,1.0393745922875484,2659.9120663369104
